{"mean_firing_rate_hz": 20.411666666666665, "spike_rate_cv": 3.083647518899386}